CITY	STATE	ZIP	Delivery	Second	LastName	FirstName	Phone
Corapeake	NC	27926	059 Desert Rd		Teabo	Dean 	757-535-8698	 	 
Post Falls	ID	83854	1000 S. Pleasant View		Booth	Doren 		 	 
OklahomaCity	OK	73139	10020 S. Klein		Chadwell	Daniel	445-1232	 	 
Beaverton	OR	97008	101214 SW Conestoga Dr	#71	Ronning	Maria	503-648-6565	 	 
Goose Creek	SC	29445	104 Berkeley Square Lane		Howarth	William 	843-419-8366	 	 
Milwaukee	WI	53225	10442 w Rohr Ave		Zunker	Melissa	414-581-5678	 	 
Chula Vista	CA	91911	1045 Cuyamaca Ave		Garcia	Roman	619-948-1814	 	 
Hillsboro	OR	97124-3315	1050 NW 229th Ave		Baldwin	Parker		 	 
Medina	TN	38355	102 Chestnut Cove		Spainhoward	Matthew	731-467-1570	 	 
Coral Springs	FL	33071	10190 Twin Lakes Dr		Trachtenberg	Elvis  Pellecer	561-880-4575	 	 
